Tg,FFV,Tc,Density,Rg,canonical_SMILES,TC_mean
,,0.4105,0.885736749,15.06400186,*/C=C(/*)C#CCCCCCCCCCCCCCCCCCCCCC(=O)O,0.4105
,,0.403,0.868463517,14.07855526,*/C=C(/*)CCCCCCCCCCCCCCCCCCCCC(=O)O,0.403
59.5588378,,0.394,0.775000418,34.672905605,*/C=C/*,0.526
,,,0.971892426,13.10146733,*/C=C/C(C(=O)OC(C)C)C(*)C(=O)OC(C)C,
,,,0.820729949,15.50648001,*/C=C/C(C)(C)C(*)(C)C,
,,,0.801255092,16.53077558,*/C=C/C(C)C(*)C,
,,0.203,0.82398912,14.35476002,*/C=C/C(C*)C(C)CC,0.203
,,0.218,0.803760264,13.41293322,*/C=C/C(C*)CCC,0.218
,,0.2486666666666666,0.8411584645000001,19.29341066,*/C=C/CC*,0.2486666666666666
,,0.26655,0.834588519,18.18601938,*/C=C/CCC*,0.2535
,,0.3143333333333333,0.823772683,18.69881957,*/C=C/CCCCC*,0.3143333333333333
,,0.33,0.820824647,19.38675152,*/C=C/CCCCCC*,0.33
,,0.3405,0.903154394,19.54188854,*/C=C/CCCCCCC(Cl)CCCCCC*,0.3405
,,0.3688333333333332,0.822061556,19.34707652,*/C=C/CCCCCCCC*,0.3571666666666666
,,0.31,0.891002299,16.02209513,*/C=C/CCCCCCCCCC(CCCCCCCCC*)COCCOCCOCCOCCOCCCCCC,0.31
,,0.3419999999999999,0.878956685,20.00761368,*/C=C/CCCCCCCCCC(Cl)CCCCCCCCC*,0.3419999999999999
,,0.4142,0.822074244,20.61494369,*/C=C/CCCCCCCCCC*,0.4142
,,0.368,0.89127614,15.68183389,*/C=C/c1cc(CCCCCCCCCCC)c(/C=C/c2ccc(*)cc2)cc1CCCCCCCCCCC,0.368
,,0.315,0.863597922,16.18461866,*/C=C/c1cc(CCCCCCCCCCCC)c(/C=C/c2ccc(*)cc2)cc1CCCCCCCCCCCC,0.315
,,0.185,1.037733826,22.21132757,*/C=C/c1cc(OCC(CC)CCCC)c(*)cc1-c1ccc(F)c(C(F)(F)F)c1,0.185
,,0.242,0.969832402,13.49779574,*/C=C/c1cc(OCC(CC)CCCC)c(*)cc1-c1ccc(N(c2ccc(OC)cc2)c2ccc(OC)cc2)cc1,0.242
,,0.24,1.004037835,17.43472846,*/C=C/c1cc(OCC2CC3CC2C2CCCC32)c(*)cc1OCC1CC2CC1C1CCCC21,0.24
,,0.524,0.956645411,21.10266717,*/C=C/c1cc(OCCCCCC)c(*)cc1OC,0.524
,,0.31,0.939190483,17.48153992,*/C=C/c1cc(OCCCCCCCC)c(*)cc1OC,0.31
,,0.251,0.902248035,20.35612021,*/C=C/c1cc(OCCCCCCCCCCCC)c(*)cc1OC,0.251
,,0.3329999999999999,0.88205721,15.92222857,*/C=C/c1cc(OCCCCCCCCCCCCCCCC)c(/C=C/c2ccc(*)cc2)cc1OCCCCCCCCCCCCCCCC,0.3329999999999999
,,0.212,0.984517634,14.07025714,*/C=C/c1ccc(*)c(-c2c(OCC(CC)CCCC)ccc3cc(-c4ccccc4)ccc23)c1,0.212
,,0.256,0.919376466,12.57676107,*/C=C/c1ccc(*)c(-c2cc(-c3ccccc3)c(OCC(CC)CCCC)cc2OCC(CC)CCCC)c1,0.256
,,0.237,0.947690837,13.74155321,*/C=C/c1ccc(*)c(-c2cc(OCC(CC)CCCC)c(-c3ccccc3)cc2OCC(CC)CCCC)c1,0.237
,,0.196,0.892538398,13.24845393,*/C=C/c1ccc(*)c(-c2cc(OCC(CC)CCCC)c(OCC(CC)CCCC)cc2-c2ccccc2)c1,0.196
,,0.184,0.956021414,17.81147708,*/C=C/c1ccc(*)c(-c2cc(OCCC(C)C)c(OCCC(C)C)cc2-c2ccc(C(F)(F)F)cc2)c1,0.184
,,0.308,0.925658948,17.48157569,*/C=C/c1ccc(*)c(-c2cc(OCCC(C)C)c(OCCC(C)C)cc2-c2ccc(OC)cc2)c1,0.308
,,0.339,0.946624284,20.81567785,*/C=C/c1ccc(*)c2ccc(CCCCCC)cc12,0.339
43.3930774,,,1.006135387,25.25187791,*/C=C/c1ccc(*)cc1,
,,0.365,0.900179408,11.69721179,*/C=C/c1sc(*)c(OCCCCCCCCCCCC)c1OCCCCCCCCCCCC,0.365
,,,1.089327475,15.55466977,*=C=C=C(CCCCOC(=O)Nc1ccccc1)C(=*)CCCCOC(=O)Nc1ccccc1,
,,,1.114657106,12.21503123,*=C=C=C(Cn1c2ccccc2c2ccccc21)C(=*)Cn1c2ccccc2c2ccccc21,
122.3867673,,0.2033333333333333,,,*C(*)C,0.2033333333333333
105.8292511,,,0.919975664,25.84971423,*C(=O)C(*)(C)C,
,,0.408,0.861970531,12.57201307,*C(=O)N(*)CCCCCCCCCCCCCCCCCC,0.408
,0.3555696,0.297,,,*C(=O)Nc1ccc(Oc2ccc(N3C(=O)c4ccc(*)cc4C3=O)cc2)cc1,0.297
,,0.328,1.206756714,23.97728876,*C(=O)c1ccc2c(c1)C(=O)N(c1ccc(Oc3ccc(C(=O)c4cccc(C(=O)c5ccc(Oc6ccc(N7C(=O)c8ccc(*)cc8C7=O)cc6)cc5)c4)cc3)cc1)C2=O,0.328
,,0.1265,1.564699369,19.456651,*C(F)(F)C(F)(F)C1(F)C(*)(F)OC(F)(F)C1(F)F,0.1265
,0.38844688,0.199,0.93861698,15.86735299,*C([2H])([2H])C(*)([2H])c1c([2H])c([2H])c([2H])c([2H])c1[2H],0.199
-2.526682925,0.40967205,,0.811251102,24.4363295,*C*,
,,0.1405,0.95394828,12.83180759,*C1C(=O)N(c2ccc(C)cc2)C(=O)C1*,0.1405
197.1821336,,0.143,1.03911953,14.56697254,*C1C(=O)N(c2ccccc2)C(=O)C1*,0.143
,0.36145459,0.143,1.070408699,12.24675377,*C1C(=O)N(c2ccccc2C(=O)OC)C(=O)C1*,0.143
,,0.1425,1.365901109,17.04190977,*C1C(=O)OC(=O)C1*,0.1425
,0.39273913,,0.859348965,14.8573309,*C1C2CCC(C2)C1*,
,,0.2784999999999999,0.939550686,18.92440401,*C1C=CC(*)C1,0.2784999999999999
,,,0.88601111,12.5969108,*C1CC2C3CCC(C3)C2C1*,
,0.41628236,,0.793157119,12.17988527,*C1CC2CC1C(*)C2CCCC,
,0.40905206,,0.82757252,10.70862832,*C1CC2CC1C(*)C2CCCCCC,
,,,0.855255368,14.39063477,*C1CC2CC1C(*)C2CCCCCCCCCC,
,0.37999271,,0.903468969,19.86080991,*C1CCC(*)C1,
69.57488221,,0.163,0.823406686,14.41189122,*C1CCC1*,0.163
,0.35327947,,1.174206042,15.15828898,*C1CCCCC1S(*)(=O)=O,
,0.42698874,0.13,0.889251685,12.77290213,*C1Cc2ccccc2C1*,0.13
,,0.161,1.044265535,17.02409485,*CC(*)(C#N)C(=O)OC,0.161
,0.35400751,0.1805,1.034280592,15.74241811,*CC(*)(C#N)C(=O)OCC,0.1805
,0.37262971,0.179,0.98541293,13.85902924,*CC(*)(C#N)C(=O)OCCCC,0.179
,0.38064914,0.217,0.966634258,12.966416,*CC(*)(C#N)C(=O)OCCCCCC,0.217
,0.36467404,0.1426666666666667,0.964628447,13.63274404,*CC(*)(C(=O)OC)c1ccccc1,0.1426666666666667
,,0.146,0.912756425,16.28256988,*CC(*)(C)C#N,0.146
,0.37079246,0.15,1.587307778,12.5994675,*CC(*)(C)C(=O)NC(=O)OC(C)COc1c(Br)cc(S(=O)(=O)c2cc(Br)c(OCC(C)O)c(Br)c2)cc1Br,0.15
,0.37549639,0.109,,,*CC(*)(C)C(=O)NC(=O)Oc1c(Br)cc(S(=O)(=O)c2cc(Br)c(O)c(Br)c2)cc1Br,0.109
,,0.1594999999999999,0.906319536,14.29532166,*CC(*)(C)C(=O)OC,0.1594999999999999
,,0.0465,1.240147043,13.23674474,*CC(*)(C)C(=O)OC(C(F)(F)F)(C(F)(F)F)C(F)(F)F,0.0465
,0.33395408,0.0755,1.277149707,12.6767809,*CC(*)(C)C(=O)OC(C(F)(F)F)C(F)(F)F,0.0755
,,0.1525,0.826660163,12.18535631,*CC(*)(C)C(=O)OC(C)(C)C,0.1525
,0.3963458,0.1674999999999999,0.844615787,10.99075229,*CC(*)(C)C(=O)OC(C)C(C)(C)C,0.1674999999999999
,,0.1139999999999999,1.11386163,13.75326334,*CC(*)(C)C(=O)OC(C)C(F)(F)F,0.1139999999999999
,,0.182,0.898018787,12.66511883,*CC(*)(C)C(=O)OC(C)CC,0.182
,,0.069,1.322806827,14.48982121,*CC(*)(C)C(=O)OC(F)(C(F)(F)F)C(F)(F)Cl,0.069
,,0.069,1.327370903,15.38423682,*CC(*)(C)C(=O)OC(F)(C(F)(F)F)C(F)(F)F,0.069
,0.32884638,0.084,1.517768128,12.13515797,*CC(*)(C)C(=O)OC(F)(F)C(F)(F)C(F)(F)C(F)(F)C(F)(F)C(F)(F)C(F)(F)C(F)(F)F,0.084
,0.38728627,0.122,0.88188115,10.05911169,*CC(*)(C)C(=O)OC12CC3CC(C)(CC(C)(C3)C1)C2,0.122
,0.39138472,0.1245,0.905497494,10.82663282,*CC(*)(C)C(=O)OC12CC3CC(CC(C3)C1)C2,0.1245
,0.38218681,0.146,0.860209573,10.34521471,*CC(*)(C)C(=O)OC1CC(C)CC(C)(C)C1,0.146
,0.40517863,0.143,0.87251011,10.2622674,*CC(*)(C)C(=O)OC1CC2CCC1(C)C2(C)C,0.143
,0.38851796,0.153,0.856410503,10.86090269,*CC(*)(C)C(=O)OC1CCC(C(C)(C)C)CC1,0.153
,0.37962423,0.1709999999999999,0.895972858,11.80505526,*CC(*)(C)C(=O)OC1CCC(C)CC1,0.1709999999999999
,0.38017657,0.1545,0.881548744,10.34584016,*CC(*)(C)C(=O)OC1CCCC(C)C1,0.1545
,,0.2239999999999999,0.91386168,10.8595327,*CC(*)(C)C(=O)OC1CCCCC1,0.2239999999999999
,0.37813807,0.153,0.85282857,10.922036,*CC(*)(C)C(=O)OC1CCCCC1C,0.153
,,0.1699999999999999,0.90836326,13.61883804,*CC(*)(C)C(=O)OCC,0.1699999999999999
,,0.1555,0.810146915,10.91862442,*CC(*)(C)C(=O)OCC(C)(C)C,0.1555
,0.36823735,0.1619999999999999,0.904274504,10.65097658,*CC(*)(C)C(=O)OCC(C)(C)C1OCC(C)(C)CO1,0.1619999999999999
,0.38032702,0.1935,0.866688073,11.16194662,*CC(*)(C)C(=O)OCC(CC)CCCC,0.1935
,0.32377425,0.09,,,*CC(*)(C)C(=O)OCC(F)(F)C(F)(F)C(F)(F)C(F)(F)C(F)(F)C(F)(F)C(F)(F)C(F)F,0.09
,,0.0735,1.482039287,12.88558494,*CC(*)(C)C(=O)OCC(F)(F)C(F)(F)C(F)(F)C(F)(F)C(F)(F)C(F)(F)C(F)(F)F,0.0735
,0.32595019,0.113,,,*CC(*)(C)C(=O)OCC(F)(F)C(F)(F)C(F)(F)C(F)(F)C(F)(F)C(F)F,0.113
,0.3268589,0.095,,,*CC(*)(C)C(=O)OCC(F)(F)C(F)(F)C(F)(F)C(F)F,0.095
,0.35893262,0.1525,0.956557271,11.46248639,*CC(*)(C)C(=O)OCC1(C)COC(C)(C)OC1,0.1525
,0.34420519,0.1305,1.010012446,10.74845321,*CC(*)(C)C(=O)OCC1(C)COCOC1,0.1305
,0.34666826,0.172,1.030703138,11.83904224,*CC(*)(C)C(=O)OCC1CCCO1,0.172
,0.37763347,0.128,1.475127343,15.26731429,*CC(*)(C)C(=O)OCCBr,0.128
,0.35439971,0.138,1.036075809,14.2239278,*CC(*)(C)C(=O)OCCC#N,0.138
,,0.1895,0.860835583,11.4609216,*CC(*)(C)C(=O)OCCC(C)(C)C,0.1895
,0.37283397,0.198,,,*CC(*)(C)C(=O)OCCC(C)CC(C)(C)C,0.198
,,0.203,0.906003571,12.81294077,*CC(*)(C)C(=O)OCCCC,0.203
,0.37286152,0.1895,0.917921435,11.58525278,*CC(*)(C)C(=O)OCCCCC,0.1895
,,0.184,0.903441723,11.78953051,*CC(*)(C)C(=O)OCCCCCC,0.184
,,0.2415,0.891484349,11.61104884,*CC(*)(C)C(=O)OCCCCCCCC,0.2415
,0.38783787,0.259,0.880799375,10.58766356,*CC(*)(C)C(=O)OCCCCCCCCCC,0.259
,,0.2665,0.876333907,11.1507459,*CC(*)(C)C(=O)OCCCCCCCCCCCC,0.2665
,0.38812321,0.3115,0.862307366,11.14771595,*CC(*)(C)C(=O)OCCCCCCCCCCCCCC,0.3115
,0.39721388,0.317,0.861197166,12.32577198,*CC(*)(C)C(=O)OCCCCCCCCCCCCCCCCCC,0.317
,,0.2175,1.04192343,12.60793073,*CC(*)(C)C(=O)OCCCCCCOc1ccc(-c2ccc(OC)cc2)cc1,0.2175
,0.3510259,0.1694999999999999,1.063120281,11.45732375,*CC(*)(C)C(=O)OCCCCn1c2ccccc2c2ccccc21,0.1694999999999999
,,0.1325,1.111949892,14.37849945,*CC(*)(C)C(=O)OCCCl,0.1325
,,0.1679999999999999,1.091984203,14.10579773,*CC(*)(C)C(=O)OCCF,0.1679999999999999
,0.36516646,0.2005,0.981910387,12.3457196,*CC(*)(C)C(=O)OCCN(C)C,0.2005
,0.3615965,0.2375,0.960101927,11.45757736,*CC(*)(C)C(=O)OCCN(CC)CC,0.2375
,,0.1095,1.49945764,12.31638522,*CC(*)(C)C(=O)OCCN(CC)S(=O)(=O)C(F)(F)C(F)(F)C(F)(F)C(F)(F)C(F)(F)C(F)(F)C(F)(F)C(F)(F)F,0.1095
,,0.19,1.122445545,12.26891849,*CC(*)(C)C(=O)OCCN(CC)c1ccc(/N=N/c2ccc([N+](=O)[O-])cc2)cc1,0.19
,0.36999858,0.184,0.899956342,11.94476747,*CC(*)(C)C(=O)OCCNC(C)(C)C,0.184
,,0.1815,1.033359022,13.61871523,*CC(*)(C)C(=O)OCCOC,0.1815
,,0.212,1.013471369,12.39029756,*CC(*)(C)C(=O)OCCOCC,0.212
,0.3575264,0.199,1.117069249,12.05051013,*CC(*)(C)C(=O)OCCS(=O)CC,0.199
,,0.1895,1.159740176,14.1297443,*CC(*)(C)C(=O)OCC[N+](=O)[O-],0.1895
,0.35596729,0.168,1.048543977,11.43837267,*CC(*)(C)C(=O)OCCc1ccccc1,0.168
,,0.158,1.162628481,11.3618897,*CC(*)(C)C(=O)OCc1cccc([N+](=O)[O-])c1,0.158
,0.34737998,0.1755,1.051885651,12.3992761,*CC(*)(C)C(=O)OCc1ccccc1,0.1755
,0.35759108,0.159,1.151611779,13.32041855,*CC(*)(C)C(=O)OCc1ccccc1Cl,0.159
,0.3375562,0.172,1.081813241,12.32614241,*CC(*)(C)C(=O)OCc1ccco1,0.172
,0.36603626,0.0829999999999999,1.354866985,14.15089535,*CC(*)(C)C(=O)Oc1c(Cl)c(Cl)c(Cl)c(Cl)c1Cl,0.0829999999999999
,0.36105716,0.1345,1.058985756,12.9825722,*CC(*)(C)C(=O)Oc1ccc(C#N)cc1,0.1345
,0.38346494,0.181,0.896405025,11.99542846,*CC(*)(C)C(=O)Oc1ccc(C(C)(C)C)cc1,0.181
126.1154692,,0.1545,0.951958497,12.66351417,*CC(*)(C)C(=O)Oc1ccc(C)cc1,0.1545
,0.36833301,0.157,0.95674619,12.26970455,*CC(*)(C)C(=O)Oc1ccc(C)cc1C,0.157
,0.36393077,0.1655,1.056556928,12.67707231,*CC(*)(C)C(=O)Oc1ccc(CC#N)cc1,0.1655
,,0.1639999999999999,1.079099726,12.73790543,*CC(*)(C)C(=O)Oc1ccc2ccccc2c1,0.1639999999999999
,,0.151,1.017456329,12.06665155,*CC(*)(C)C(=O)Oc1cccc(C)c1,0.151
,,0.184,1.049795923,13.34805903,*CC(*)(C)C(=O)Oc1ccccc1,0.184
,,0.1905,1.024902598,13.62318206,*CC(*)(C)C(=O)Oc1ccccc1C,0.1905
,,0.1669999999999999,0.887508896,15.25957674,*CC(*)(C)C(C)=O,0.1669999999999999
,0.25657854,0.145,1.041991601,16.36913311,*CC(*)(C)C(N)=O,0.145
,0.3612215,0.17,,,*CC(*)(C)CC,0.17
,0.39381473,0.174,,,*CC(*)(C)CCC,0.174
,0.40109572,0.2013333333333333,0.808542478,12.41984319,*CC(*)(C)c1ccc(C(C)C)cc1,0.2013333333333333
,,0.164,0.833452729,14.83591616,*CC(*)(C)c1ccccc1,0.164
,0.32193525,0.152,,,*CC(*)(CC(=O)OC)C(=O)OC,0.152
,0.39639923,0.1694999999999999,0.957033344,10.04778986,*CC(*)(CC(=O)OC1CCCCC1)C(=O)OC1CCCCC1,0.1694999999999999
,0.34796844,0.1689999999999999,0.965285515,13.08823383,*CC(*)(CC(=O)OCC)C(=O)OCC,0.1689999999999999
,0.3794888,0.19,,,*CC(*)(CC(=O)OCC1CCCCC1)C(=O)OCC1CCCCC1,0.19
,0.36758128,0.1845,0.95089128,11.16357076,*CC(*)(CC(=O)OCCC)C(=O)OCCC,0.1845
,0.37326705,0.2249999999999999,0.96210565,10.50145976,*CC(*)(CC(=O)OCCCC)C(=O)OCCCC,0.2249999999999999
,0.37003556,0.199,,,*CC(*)(CC(=O)OCCCC1CCCCC1)C(=O)OCCCC1CCCCC1,0.199
,0.38050025,0.215,0.955743343,10.24635518,*CC(*)(CC(=O)OCCCCC)C(=O)OCCCCC,0.215
,0.38570941,0.2319999999999999,0.927808816,10.01915881,*CC(*)(CC(=O)OCCCCCC)C(=O)OCCCCCC,0.2319999999999999
,,0.2055,1.080352066,10.10003467,*CC(*)(CC(=O)OCCCc1ccccc1)C(=O)OCCCc1ccccc1,0.2055
,0.35265054,0.199,1.092735648,10.74609762,*CC(*)(CC(=O)OCCc1ccccc1)C(=O)OCCc1ccccc1,0.199
,0.34757807,0.176,1.113470646,10.67770667,*CC(*)(CC(=O)OCc1ccccc1)C(=O)OCc1ccccc1,0.176
,,0.182,1.062096371,11.04114403,*CC(*)(CC(=O)Oc1ccc(C)cc1)C(=O)Oc1ccc(C)cc1,0.182
,,0.165,1.042202692,10.97057697,*CC(*)(CC(=O)Oc1cccc(C)c1)C(=O)Oc1cccc(C)c1,0.165
,0.34963263,0.154,1.099880838,11.69552442,*CC(*)(CC(=O)Oc1ccccc1)C(=O)Oc1ccccc1,0.154
,,0.1635,1.059872607,11.34414762,*CC(*)(CC(=O)Oc1ccccc1C)C(=O)Oc1ccccc1C,0.1635
,0.36305897,0.145,0.864397975,12.48037065,*CC(*)(CC)C(=O)OCC,0.145
,,0.1365,1.048000594,18.18607796,*CC(*)(CF)C(=O)OC,0.1365
,0.33962658,0.1684999999999999,1.040351207,13.63736539,*CC(*)(CF)C(=O)OCC,0.1684999999999999
,,0.1465,1.054014289,15.80245006,*CC(*)(Cl)C(=O)OC(C)C,0.1465
,,0.174,1.057163419,14.79567929,*CC(*)(Cl)C(=O)OC(C)CC,0.174
,,0.1365,1.054643244,12.33320291,*CC(*)(Cl)C(=O)OC1CCCCC1,0.1365
,,0.1985,1.162819805,16.552184,*CC(*)(Cl)C(=O)OCC,0.1985
,,0.173,1.102798912,12.27540357,*CC(*)(Cl)C(=O)OCCC,0.173
,,0.178,1.074741397,13.37410592,*CC(*)(Cl)C(=O)OCCCC,0.178
,0.34227403,0.121,1.608016391,12.86015216,*CC(*)(F)C(=O)OCCC(F)(F)C(F)(F)C(F)(F)C(F)(F)C(F)(F)C(F)(F)C(F)(F)C(F)(F)C(F)(F)C(F)(F)F,0.121
,,0.2445,0.77629912,15.63619856,*CC(*)C,0.2445
,,0.207,0.979429396,20.43708909,*CC(*)C#N,0.207
,,0.203,0.886596201,12.63604574,*CC(*)C(=O)C(C)C,0.203
,,0.204,0.931405406,11.28939719,*CC(*)C(=O)C1CCCCC1,0.204
,,0.1865,0.844059103,11.58798505,*CC(*)C(=O)N(C(C)C)C(C)C,0.1865
,0.34373514,0.2125,0.999160184,14.4722603,*CC(*)C(=O)N(C)C,0.2125
,,0.1775,1.036978669,11.67331343,*CC(*)C(=O)N(C)c1ccccc1,0.1775
,,0.211,0.875138172,10.87629214,*CC(*)C(=O)N(CCCC)CCCC,0.211
,0.340331,0.212,1.114429035,11.35819502,*CC(*)C(=O)N1CCOCC1,0.212
,0.37998182,0.199,0.889061076,12.90682668,*CC(*)C(=O)NC(C)(C)C,0.199
,0.36205539,0.203,0.951472262,13.50097132,*CC(*)C(=O)NC(C)C,0.203
,,0.2259999999999999,0.92947228,12.6370902,*CC(*)C(=O)NC(C)CC,0.2259999999999999
-84.72234668,,0.252,0.938352718,11.69729541,*CC(*)C(=O)NCCCC,0.252
,0.30692904,0.2495,1.07691203,11.78404643,*CC(*)C(=O)NCCCCCC(=O)O,0.2495
,,0.3065,0.860743742,12.94376545,*CC(*)C(=O)NCCCCCCCC/C=C/CCCCCCCC,0.3065
21.73577755,,0.3435,0.870895681,11.87004823,*CC(*)C(=O)NCCCCCCCCCCCC,0.3435
,,0.3746666666666667,0.86728938,11.91385451,*CC(*)C(=O)NCCCCCCCCCCCCCC,0.3746666666666667
,,0.3105,0.864456022,12.35489175,*CC(*)C(=O)NCCCCCCCCCCCCCCCC,0.3105
,,0.383,0.856385762,12.90114502,*CC(*)C(=O)NCCCCCCCCCCCCCCCCCC,0.383
11.47675289,,0.207,0.905312834,11.11375504,*CC(*)C(=O)OC(C)CC(C)C,0.207
,,0.212,0.861701744,10.36326711,*CC(*)C(=O)OC(C)CCC(CC)CCCC,0.212
,,0.2405,0.89263762,11.17976548,*CC(*)C(=O)OC(C)CCCCC,0.2405
,,0.245,0.877762738,11.2218737,*CC(*)C(=O)OC(C)CCCCCC,0.245
,,0.213,0.928441574,12.41393583,*CC(*)C(=O)OC(CC)CC,0.213
,,0.2319999999999999,0.858171779,10.23167095,*CC(*)C(=O)OC(CCC(CC)CCCC)CC(C)C,0.2319999999999999
,0.31831745,0.1119999999999999,1.502297049,14.21742857,*CC(*)C(=O)OC(F)(C(F)(F)F)C(F)(F)F,0.1119999999999999
,0.37551115,0.1635,0.949969923,9.767195327,*CC(*)C(=O)OC12CC3CC(C)(CC(C)(C3)C1)C2,0.1635
,0.38012306,0.2205,0.909612952,11.78379961,*CC(*)C(=O)OC1CC(C)CC(C)(C)C1,0.2205
,0.36637018,0.201,0.975831621,11.16519036,*CC(*)C(=O)OC1CCCCC1,0.201
,,0.2305,1.001646084,14.48303439,*CC(*)C(=O)OCC,0.2305
,0.38252829,0.2115,0.901190148,13.30665929,*CC(*)C(=O)OCC(C)(C)C,0.2115
,0.37285766,0.221,0.919640881,13.54986722,*CC(*)C(=O)OCC(C)CC,0.221
,,0.217,0.903896392,12.10743643,*CC(*)C(=O)OCC(C)CCC,0.217
,,0.2095,0.91413913,12.27591848,*CC(*)C(=O)OCC(CC)CC,0.2095
,0.3869788,0.2309999999999999,0.893389668,10.99379023,*CC(*)C(=O)OCC(CC)CCCC,0.2309999999999999
,0.31780305,0.086,,,*CC(*)C(=O)OCC(F)(F)C(F)(F)OC(F)(F)C(F)(F)C(F)(F)C(F)(F)F,0.086
,0.35583972,0.195,1.065811773,14.52014103,*CC(*)C(=O)OCCC#N,0.195
,,0.224,0.928263907,11.86917301,*CC(*)C(=O)OCCC(C)C,0.224
,0.35734175,0.212,1.002966511,13.18729468,*CC(*)C(=O)OCCC(C)OC,0.212
,,0.2075,0.952753315,12.71172021,*CC(*)C(=O)OCCCC,0.2075
,,0.2565,0.915149553,11.92379481,*CC(*)C(=O)OCCCCCC,0.2565
,0.34688893,0.2299999999999999,1.092668338,12.97526971,*CC(*)C(=O)OCCCCCC(=O)Oc1ccc(-c2ccc(C#N)cc2)cc1,0.2299999999999999
,,0.281,0.892016503,10.93715508,*CC(*)C(=O)OCCCCCCCCC,0.281
,,0.3215,0.867171478,11.51022625,*CC(*)C(=O)OCCCCCCCCCCCCCC,0.3215
,,0.3626666666666667,0.864622073,12.59659455,*CC(*)C(=O)OCCCCCCCCCCCCCCCC,0.3626666666666667
,0.40921422,0.3795,0.864259855,13.46584828,*CC(*)C(=O)OCCCCCCCCCCCCCCCCCC,0.3795
,,0.3585,0.846770802,13.56836556,*CC(*)C(=O)OCCCCCCCCCCCCCCCCCCCCCC,0.3585
,0.35501894,0.2245,1.095853414,13.394951,*CC(*)C(=O)OCCCCCCOc1ccc(C(=O)Oc2ccc(C#N)cc2)cc1,0.2245
,0.39181191,0.2175,1.039476536,13.18158821,*CC(*)C(=O)OCCCCCCSCC#N,0.2175
,0.39787287,0.2005,1.049744475,12.27513461,*CC(*)C(=O)OCCCCSC,0.2005
,0.38841806,0.211,1.075871128,12.36347326,*CC(*)C(=O)OCCCSC,0.211
,0.39575862,0.2155,1.049932374,13.79806606,*CC(*)C(=O)OCCCSCC,0.2155
,0.38516817,0.219,1.082808936,12.13020166,*CC(*)C(=O)OCCCSCCC#N,0.219
,,0.2135,1.12679408,12.43938389,*CC(*)C(=O)OCCN(CC)c1ccc(/N=N/c2ccc([N+](=O)[O-])cc2)cc1,0.2135
,0.38690329,0.181,1.110954584,15.7280871,*CC(*)C(=O)OCCSC,0.181
,0.38932692,0.2175,1.065268296,14.51100233,*CC(*)C(=O)OCCSCC,0.2175
,0.37675973,0.183,1.158953952,13.88465277,*CC(*)C(=O)OCCSCC#N,0.183
,0.38180613,0.1875,1.111901096,13.24819081,*CC(*)C(=O)OCCSCCC#N,0.1875
,0.38452978,0.18,1.085387972,12.35091595,*CC(*)C(=O)OCCSCCCC#N,0.18
,0.35483589,0.196,1.060028456,12.57995644,*CC(*)C(=O)OCCc1ccccc1,0.196
,0.35524043,0.182,1.094513754,11.86407254,*CC(*)C(=O)OCc1ccc(C#N)cc1,0.182
,0.34659314,0.1985,1.072100095,13.15993394,*CC(*)C(=O)OCc1ccccc1,0.1985
,0.37010428,0.0849999999999999,1.469086914,15.64579264,*CC(*)C(=O)Oc1c(Cl)c(Cl)c(Cl)c(Cl)c1Cl,0.0849999999999999
,0.3489094,0.2055,1.091305455,11.54820166,*CC(*)C(=O)Oc1ccc(-c2ccccc2)cc1,0.2055
,0.360284,0.1845,1.134726614,13.89490111,*CC(*)C(=O)Oc1ccc(C#N)cc1,0.1845
,0.35302021,0.2329999999999999,1.072941358,12.11326982,*CC(*)C(=O)Oc1ccc(C(=O)OCCCC)cc1,0.2329999999999999
,0.37651726,0.2245,0.958441992,10.3213082,*CC(*)C(=O)Oc1ccc(C(C)(C)C)cc1,0.2245
,0.3609429,0.193,1.051609028,13.5752804,*CC(*)C(=O)Oc1ccc(C)cc1,0.193
,0.35839079,0.158,1.211730555,14.07962276,*CC(*)C(=O)Oc1ccc(Cl)cc1,0.158
,0.36475946,0.119,1.323601324,15.04038649,*CC(*)C(=O)Oc1ccc(Cl)cc1Cl,0.119
,0.33742314,0.208,1.117366408,14.44836262,*CC(*)C(=O)Oc1ccc(OC)cc1,0.208
,0.35823799,0.2055,1.071947231,13.42046484,*CC(*)C(=O)Oc1cccc(C)c1,0.2055
,0.36366436,0.221,1.096542432,12.53190731,*CC(*)C(=O)Oc1cccc(N(C)C)c1,0.221
,0.35105406,0.1644999999999999,1.120527982,12.47317176,*CC(*)C(=O)Oc1cccc2ccccc12,0.1644999999999999
,0.3539411,0.196,1.109388621,13.43533854,*CC(*)C(=O)Oc1ccccc1,0.196
,0.35783052,0.1735,1.061864136,12.7374634,*CC(*)C(=O)Oc1ccccc1C,0.1735
,0.36674405,0.175,0.949266643,11.30667741,*CC(*)C(=O)Oc1ccccc1C(C)(C)C,0.175
,0.35897864,0.166,1.226889668,13.82994352,*CC(*)C(=O)Oc1ccccc1Cl,0.166
,0.39538031,0.1915,0.936469283,10.58961551,*CC(*)C(=O)c1ccc(C(C)(C)C)cc1,0.1915
,0.38303868,0.1975,1.017121715,11.41539018,*CC(*)C(=O)c1ccc(C)cc1,0.1975
,0.34334548,0.179,0.955845655,17.46864859,*CC(*)C(C)=O,0.179
,,0.1868,0.75714125,12.12922155,*CC(*)C(C)C,0.1868
,,0.1897499999999999,0.768938442,10.88423334,*CC(*)C(C)CC,0.1897499999999999
38.96888215,,0.1883333333333333,,,*CC(*)C(CC)CC,0.1883333333333333
,,0.2175,0.863629462,14.17497209,*CC(*)C1CC1,0.2175
,,0.18075,0.84208322,12.70353444,*CC(*)C1CC=CCC1,0.18075
,0.39863974,0.1996666666666666,,,*CC(*)C1CCC(C)CC1,0.1996666666666666
,0.40571007,0.1806666666666666,,,*CC(*)C1CCCC(C)C1,0.1806666666666666
,,,0.779950443,12.78661329,*CC(*)C=C(C)C,
,,0.2425,1.074977648,19.22062685,*CC(*)C=O,0.2425
,,0.2253333333333333,,13.87291346,*CC(*)CC,0.2253333333333333
,0.39627266,0.1735,0.748691234,11.55027129,*CC(*)CC(C)(C)C,0.1735
,,0.2083333333333333,0.765836941,11.25375484,*CC(*)CC(C)C,0.2083333333333333
,,0.148,1.093859396,13.31500903,*CC(*)CC(C)C(F)(F)F,0.148
,,0.2256,0.816505893,9.943107453,*CC(*)CC1CCCCC1,0.2256
,,0.2463333333333333,,12.33123131,*CC(*)CCC,0.2463333333333333
,,0.216,0.772296641,12.17429097,*CC(*)CCC(C)C,0.216
,,0.229,0.791153015,11.37248496,*CC(*)CCC(C)CC,0.229
,,0.2306666666666666,0.776895965,12.02548488,*CC(*)CCCC,0.2306666666666666
5.980301023,,0.2573333333333333,,,*CC(*)CCCC(C)C,0.2573333333333333
,,0.2583999999999999,0.771934125,12.37609961,*CC(*)CCCCC,0.2583999999999999
,0.40777595,0.238,,,*CC(*)CCCCCC,0.238
,0.40501273,0.2669999999999999,0.7966448,10.79657738,*CC(*)CCCCCCC,0.2669999999999999
,0.41042216,0.286,0.790932839,11.50351128,*CC(*)CCCCCCCC,0.286
,,0.3193333333333333,0.79444681,10.8952526,*CC(*)CCCCCCCCC,0.3193333333333333
,0.40334594,0.33575,0.799124975,11.10583978,*CC(*)CCCCCCCCCC,0.33575
,,0.3206666666666666,0.803315138,10.73852636,*CC(*)CCCCCCCCCCC,0.3206666666666666
,0.40857787,0.339,0.805359167,11.32200697,*CC(*)CCCCCCCCCCCC,0.339
,,0.3383333333333333,0.803265072,11.57516404,*CC(*)CCCCCCCCCCCCC,0.3383333333333333
,0.40318632,0.3409999999999999,0.795879987,11.75279889,*CC(*)CCCCCCCCCCCCCC,0.3409999999999999
,0.40787312,0.375,,,*CC(*)CCCCCCCCCCCCCCCC,0.375
,0.40805705,0.381,,,*CC(*)CCCCCCCCCCCCCCCCCC,0.381
21.77937998,,0.4019999999999999,,,*CC(*)CCCCCCCCCCCCCCCCCCCC,0.4019999999999999
,,0.201,0.817146131,9.7283551,*CC(*)CCCN(CC(C)C)CC(C)C,0.201
,0.3743389,0.1803333333333333,,,*CC(*)CCc1ccccc1,0.1803333333333333
,0.37295814,0.192,1.22830711,12.89532483,*CC(*)CNc1ccc([N+](=O)[O-])cn1,0.192
,,0.139,1.263489368,21.12197193,*CC(*)Cl,0.139
,,0.424,1.081206735,22.51988264,*CC(*)O,0.424
,0.36080303,0.2614999999999999,0.965989074,16.476876,*CC(*)OC,0.2614999999999999
,0.33243377,0.086,0.81190569,13.56949767,*CC(*)OC(=O)C1(F)C(F)(F)C(F)(F)C(F)(F)C(F)(F)C1(F)F,0.086
,,0.212,0.995365589,14.03059072,*CC(*)OC(=O)CC,0.212
,,0.261,0.878322012,11.53444859,*CC(*)OC(=O)CCCCCCCCCCC,0.261
,,0.319,0.858717726,12.0896889,*CC(*)OC(=O)CCCCCCCCCCCCCCC,0.319
,,0.305,0.856119988,12.48057398,*CC(*)OC(=O)CCCCCCCCCCCCCCCCC,0.305
,,0.371,0.858583325,13.69025537,*CC(*)OC(=O)CCCCCCCCCCCCCCCCCCCCC,0.371
,0.34765241,0.223,1.086283422,12.25368206,*CC(*)OC(=O)c1ccc(OC(=O)CCC)cc1,0.223
,0.356021,0.1669999999999999,1.101556822,13.40000836,*CC(*)OC(=O)c1ccccc1,0.1669999999999999
,,0.2115,0.839799693,13.44308483,*CC(*)OC(C)C,0.2115
,,0.2465,0.912688006,15.66973123,*CC(*)OCC,0.2465
,,0.3868,0.834274703,12.10790061,*CC(*)OCCCCCCCCCCCCCCCCCC,0.3868
,0.77406593,0.1585,1.305301671,17.27231362,*CC(*)O[N+](=O)[O-],0.1585
,0.40245926,0.1669999999999999,,,*CC(*)c1c(C)cc(C)cc1C,0.1669999999999999
,0.39369072,,0.923679332,14.83081456,*CC(*)c1c([2H])c([2H])c([2H])c([2H])c1[2H],
,0.37966374,,0.947782381,10.01820949,*CC(*)c1cc(-c2ccc(C(=O)OC(C)CCCCCC)cc2)ccc1-c1ccc(C(=O)OC(C)CCCCCC)cc1,
,0.39846668,0.132,,,*CC(*)c1cc(Br)ccc1OC,0.132
,0.4237647,0.124,,,*CC(*)c1cc(Br)ccc1OC(C)C,0.124
,0.41409342,0.124,1.223503114,13.17144668,*CC(*)c1cc(Br)ccc1OCC,0.124
,0.4104551,0.136,,,*CC(*)c1cc(Br)ccc1OCCC,0.136
,0.40859696,0.1674999999999999,,,*CC(*)c1cc(Br)ccc1OCCC(C)C,0.1674999999999999
,0.41686593,0.1493333333333333,1.214722149,12.90254496,*CC(*)c1cc(Br)ccc1OCCCC,0.1493333333333333
,0.41131014,0.1545,,,*CC(*)c1cc(Br)ccc1OCCCCC,0.1545
,,0.1636666666666666,0.849065812,12.50033571,*CC(*)c1cc(C(C)(C)C)ccc1C,0.1636666666666666
,,0.1616666666666666,0.830463672,11.48207818,*CC(*)c1cc(C(C)C)ccc1C(C)C,0.1616666666666666
,0.40919806,0.2095,,,*CC(*)c1cc(C)c(C)cc1C,0.2095
,,0.173,0.907377009,13.45177375,*CC(*)c1cc(C)ccc1C,0.173
,,0.171,0.955409279,13.40669452,*CC(*)c1cc(C)ccc1F,0.171
,,0.1119999999999999,1.217628771,15.81204712,*CC(*)c1cc(Cl)ccc1Cl,0.1119999999999999
,,0.1403333333333333,1.086573844,14.49605377,*CC(*)c1cc(F)ccc1F,0.1403333333333333
,0.40538104,,0.887288053,12.74028627,*CC(*)c1ccc(-c2ccc3c(c2)C(CCCCCC)(CCCCCC)c2cc(-c4ccc5c(c4)C(CCCCCC)(CCCCCC)c4ccccc4-5)ccc2-3)cc1,
,0.40118451,,0.899366976,10.82333757,*CC(*)c1ccc(-c2ccc3c(c2)C(CCCCCC)(CCCCCC)c2ccccc2-3)cc1,
,0.39176934,0.2663333333333333,,,*CC(*)c1ccc(C(=O)CCCCCCC)cc1,0.2663333333333333
,,0.171,1.184354013,13.53424751,*CC(*)c1ccc(C(=O)O)c(C(=O)O)c1,0.171
,,0.2033333333333333,1.032355465,13.1037956,*CC(*)c1ccc(C(=O)OC)cc1,0.2033333333333333
,0.37142885,0.2314999999999999,1.0222365,11.6806072,*CC(*)c1ccc(C(=O)OCCN(C)C)cc1,0.2314999999999999
,0.3711129,0.2316666666666666,0.934073122,12.4288407,*CC(*)c1ccc(C(C)(C)O)cc1,0.2316666666666666
,0.37635976,0.2266666666666666,,,*CC(*)c1ccc(C(C)(O)CC)cc1,0.2266666666666666
,0.37541315,0.2296666666666666,1.013613515,14.74755617,*CC(*)c1ccc(C(C)=O)cc1,0.2296666666666666
,,0.1979999999999999,0.839803273,10.87873099,*CC(*)c1ccc(C(C)C)cc1C(C)C,0.1979999999999999
,,0.1873333333333333,0.869468057,14.54352841,*CC(*)c1ccc(C)cc1,0.1873333333333333
,,0.1856666666666666,0.894079517,12.1318108,*CC(*)c1ccc(C)cc1C,0.1856666666666666
,0.4044765,0.2013333333333333,,,*CC(*)c1ccc(CC)cc1,0.2013333333333333
,0.40348963,0.2345,0.892912233,13.03650471,*CC(*)c1ccc(CCC)cc1,0.2345
,0.40375659,0.241,,,*CC(*)c1ccc(CCCCCC)cc1,0.241
,0.40676664,0.2674999999999999,0.86701632,11.37694228,*CC(*)c1ccc(CCCCCCCC)cc1,0.2674999999999999
,0.39955076,0.277,0.87039516,11.44773012,*CC(*)c1ccc(CCCCCCCCC)cc1,0.277
,0.40394942,0.2825,0.864032282,11.38875554,*CC(*)c1ccc(CCCCCCCCCC)cc1,0.2825
,0.40128707,0.3035,0.85312948,11.9470464,*CC(*)c1ccc(CCCCCCCCCCCC)cc1,0.3035
,0.40253381,0.3399999999999999,0.848186437,12.56559059,*CC(*)c1ccc(CCCCCCCCCCCCCC)cc1,0.3399999999999999
,0.40149462,0.3409999999999999,0.848617516,12.88977254,*CC(*)c1ccc(CCCCCCCCCCCCCCCC)cc1,0.3409999999999999
,0.40382331,0.3751666666666667,0.844184922,13.54553558,*CC(*)c1ccc(CCCCCCCCCCCCCCCCCC)cc1,0.3751666666666667
,,0.268,0.902459296,11.12376829,*CC(*)c1ccc(COCC(CC)CCCC)cc1,0.268
,,0.3,1.040782353,13.64379867,*CC(*)c1ccc(COCCCCCCOc2ccc(-c3ccc(OC)cc3)cc2)cc1,0.3
,0.38457352,0.282,0.931177736,11.54920484,*CC(*)c1ccc(COCCOCCCCCCCC)cc1,0.282
,0.3628679,,1.065712208,12.90310493,*CC(*)c1ccc(COc2ccc(-c3ccc(C#N)cc3)cc2)cc1,
,,,1.087290755,17.89940277,*CC(*)c1ccc(Cl)cc1,
,,0.1366666666666667,1.05867232,13.55500415,*CC(*)c1ccc(Cl)cc1C,0.1366666666666667
,,0.1006666666666666,1.218576983,14.20802348,*CC(*)c1ccc(Cl)cc1Cl,0.1006666666666666
,,,0.989259062,16.36886102,*CC(*)c1ccc(F)cc1,
,,0.1413333333333333,0.994546299,15.55720188,*CC(*)c1ccc(F)cc1C,0.1413333333333333
,0.34066185,,1.031531368,14.62592281,*CC(*)c1ccc(O)c(OC)c1,
,0.34302705,0.2073333333333333,1.026280901,13.91356146,*CC(*)c1ccc(O)cc1,0.2073333333333333
,0.35340606,0.2005,1.037413892,13.82349277,*CC(*)c1ccc(OC(C)=O)cc1,0.2005
,,,1.219503167,14.50652497,*CC(*)c1ccc(S(=O)(=O)O)cc1,
,,0.14175,1.095935741,14.9638119,*CC(*)c1cccc(Cl)c1,0.14175
,0.39194172,0.1623333333333333,,,*CC(*)c1cccc(F)c1,0.1623333333333333
,0.42262302,,0.975794098,10.58513595,*CC(*)c1cccc(N(c2ccc(C)cc2)c2ccc(C)cc2)c1,
,0.3447239,,1.037473199,12.26908267,*CC(*)c1cccc(NC(C)=O)c1,
,0.34951316,,1.002961799,14.19064142,*CC(*)c1cccc(OC(C)=O)c1,
,,0.194,0.993182994,12.95937506,*CC(*)c1cccc2ccccc12,0.194
,,0.1903333333333333,0.876818696,11.81194142,*CC(*)c1ccccc1C,0.1903333333333333
,0.36482534,0.165,,,*CC(*)c1ccccc1C(=O)N(C)C,0.165
,0.35557991,0.1836666666666666,,,*CC(*)c1ccccc1C(=O)NC,0.1836666666666666
,0.35753244,0.1636666666666666,,,*CC(*)c1ccccc1C(=O)Nc1ccccc1,0.1636666666666666
,0.35299495,0.1736666666666666,,,*CC(*)c1ccccc1C(=O)OC,0.1736666666666666
,0.36610214,0.1736666666666666,,,*CC(*)c1ccccc1C(=O)OC(C)C,0.1736666666666666
,0.36304161,0.1816666666666666,,,*CC(*)c1ccccc1C(=O)OCC,0.1816666666666666
,0.37502808,0.1696666666666666,,,*CC(*)c1ccccc1C(=O)OCC(C)C,0.1696666666666666
,0.37558772,0.1929999999999999,,,*CC(*)c1ccccc1C(=O)OCCC(C)C,0.1929999999999999
,0.37028116,0.1953333333333333,,,*CC(*)c1ccccc1C(=O)OCCCC,0.1953333333333333
,0.37483446,0.1923333333333333,,,*CC(*)c1ccccc1C(=O)OCCCCC,0.1923333333333333
,0.37464529,0.2056666666666666,,,*CC(*)c1ccccc1C(=O)OCCCCCC,0.2056666666666666
,0.36119268,0.1853333333333333,,,*CC(*)c1ccccc1C(=O)OCCN(C)C,0.1853333333333333
,0.3593053,0.1693333333333333,,,*CC(*)c1ccccc1C(=O)Oc1ccccc1,0.1693333333333333
,,0.1843333333333333,0.918485757,13.27096728,*CC(*)c1ccccc1CC,0.1843333333333333
,0.37399571,0.2066666666666666,,,*CC(*)c1ccccc1COC,0.2066666666666666
,0.38497632,0.171,0.933317386,12.10539551,*CC(*)c1ccccc1COC(C)C,0.171
,0.37386236,0.1846666666666666,,,*CC(*)c1ccccc1COCC,0.1846666666666666
,0.37983884,0.217,0.94589921,12.52488555,*CC(*)c1ccccc1COCCC,0.217
,0.3832793,0.1943333333333333,0.924684677,10.79545525,*CC(*)c1ccccc1COCCC(C)C,0.1943333333333333
,0.38677194,0.2096666666666666,0.940569983,11.37399833,*CC(*)c1ccccc1COCCCC,0.2096666666666666
,0.38189308,0.186,0.935560059,11.1484409,*CC(*)c1ccccc1COCCCCC,0.186
,0.36290546,0.1883333333333333,,,*CC(*)c1ccccc1COCCc1ccccc1,0.1883333333333333
,0.35933332,0.1913333333333333,,,*CC(*)c1ccccc1COCc1ccccc1,0.1913333333333333
160.10962,,0.1946666666666666,,,*CC(*)c1ccccc1OC,0.1946666666666666
,,0.196,0.996326132,14.84520894,*CC(*)c1ccccn1,0.196
,0.40399034,0.1995,1.115067014,15.89865681,*CC(*)c1cccs1,0.1995
,,0.147,1.05806832,11.82300548,*CC(*)n1c2ccccc2c2ccccc21,0.147
,0.37138173,0.2075,1.124957708,13.9727997,*CC(*)n1cc2ccccc2n1,0.2075
,0.36380251,,1.140781369,16.55092442,*CC(C)(C)CS(*)(=O)=O,
,0.35691907,0.186,1.089194614,17.59804845,*CC(C)(C)CS(=O)(=O)CC(C)(C)COC(=O)O*,0.186
,0.39662664,0.1995,0.861163598,13.695157,*CC(C)(C)O*,0.1995
,0.37444531,0.2026666666666666,,,*CC(C)C(*)(C)C,0.2026666666666666
,,,1.293314518,20.99132259,*CC(C)S(*)(=O)=O,
127.0156605,,0.176,0.987197772,16.39022868,*CC(CC(*)(C#N)C(=O)OC)c1ccccc1,0.176
,0.39088075,0.335,0.867649177,11.65178394,*CC(CCCCCCCCCCCCCCCC)C1C(=O)N(CCCCCCCCCCCC)C(=O)C1*,0.335
,,0.1159999999999999,1.297944961,14.62361719,*CC(CCl)(CCl)O*,0.1159999999999999
,0.36793308,0.181,1.068349202,12.8198381,*CC(O*)c1ccccc1,0.181
,,,0.817744643,14.53648643,*CC/C(C)=C(/*)C,
,,0.20825,0.831876241,13.577310245,*CC/C=C(/*)C(C)(C)C,0.20825
,,,0.81139035,13.05800565,*CC/C=C(/*)CCCCCCCCCC,
,0.36650758,0.1443333333333333,0.795413005,12.99416817,*CC1(*)CCCCC1,0.1443333333333333
42.35931484,,0.3353333333333333,0.892956655,21.77794424,*CC1CCC(*)C1,0.3353333333333333
,0.39620363,0.1956666666666666,,,*CCC(*)(C)C,0.1956666666666666
,0.32553925,,1.073855453,22.19638383,*CCC(*)=O,
,,0.2075,0.983422084,17.46362519,*CCC(C(=O)OCC)C(*)C(=O)OCC,0.2075
,0.38748444,0.2329999999999999,,,*CCC(C)C(*)C,0.2329999999999999
,,0.253,0.980916925,20.5666232,*CCC(C)CCC(=O)O*,0.253
,0.37989615,0.1795,1.273131418,21.78634698,*CCC(Cl)C(*)Cl,0.1795
,0.40087335,,0.8045306,19.33954208,*CCC([2H])C(*)([2H])C,
,,0.184,1.085646157,16.28575806,*CCC/C=C(/*)c1ccc(Cl)cc1,0.184
,0.38101564,,0.933540935,15.81211052,*CCC1CC(*)C2C3CCC(C3)C12,
,,,0.880692229,25.78669657,*CCC1CCC(*)C1,
,0.4001286,0.236,0.780478615,15.7837124,*CCCC(*)(C)C,0.236
,0.31720928,0.1985,0.996128545,14.52607342,*CCCC(*)(C)C(=O)O,0.1985
,0.39226416,0.2339999999999999,,,*CCCC(*)(C)CC,0.2339999999999999
,,0.259,1.107946409,20.18778178,*CCCC(=O)NCc1ccc(CNC(=O)CCCO*)cc1,0.259
,0.32853402,0.23,1.09306772,17.92550338,*CCCC1CC(=O)N(*)C(=O)C1,0.23
,0.40628619,,0.797183169,16.82724961,*CCCCCC(*)CCCCCC,
,0.40682888,,0.794468482,14.0622995,*CCCCCC(*)CCCCCCCC,
,0.40749823,0.406,0.801722522,15.17699114,*CCCCCC(*)CCCCCCCCCC,0.406
,,0.403,0.80443165,14.47745133,*CCCCCC(*)CCCCCCCCCCCCCC,0.403
,0.34031759,0.301,,,*CCCCCC(=O)N*,0.301
,0.34897959,,1.002695727,18.83367597,*CCCCCC(=O)O*,
,,0.3215,0.964171286,21.61972619,*CCCCCCC(=O)NCCCCCCNC(=O)CCCCCCO*,0.3215
,0.40146108,0.371,0.806729205,19.12833616,*CCCCCCCC(*)C,0.371
,0.35123354,0.329,,,*CCCCCCCC(=O)N*,0.329
,,0.3575,0.930685649,20.81346955,*CCCCCCCCC(=O)NCCCCCCNC(=O)CCCCCCCCO*,0.3575
,,0.3185,0.954015346,20.96547901,*CCCCCCCCC(=O)NCCCCCCNC(=O)CCCCO*,0.3185
,,0.286,0.961251471,18.75749252,*CCCCCCCCC(=O)NCCCCCCNC(=O)CCCO*,0.286
,,0.287,0.959755769,19.44997486,*CCCCCCCCC(=O)NCCCCCOCCCCCNC(=O)CCCCO*,0.287
,,0.289,0.958044519,16.89480393,*CCCCCCCCC(=O)NCCCCCOCCCCCNC(=O)CCCO*,0.289
,0.35926129,0.296,0.953522466,19.36818383,*CCCCCCCCCCC(=O)NCCCCCC(=O)N*,0.296
,,0.3565,0.939635943,24.65708372,*CCCCCCCCCCC(=O)NCCCCCCNC(=O)CCCCO*,0.3565
,,0.3245,0.954616145,20.55029983,*CCCCCCCCCCC(=O)NCCCCCCNC(=O)CCCO*,0.3245
,,0.3349999999999999,0.94573393,19.75537697,*CCCCCCCCCCC(=O)NCCCCCOCCCCCNC(=O)CCCCO*,0.3349999999999999
,,0.303,0.949699751,22.28109939,*CCCCCCCCCCC(=O)NCCCCCOCCCCCNC(=O)CCCO*,0.303
,0.38077316,0.296,0.962511767,22.76143272,*CCCCCCCCCCC(=O)NCCc1ccc(CCNC(=O)CCCCCCCCCCS*)cc1,0.296
,,0.285,0.976393146,21.13686578,*CCCCCCCCCCC(=O)NCc1ccc(CNC(=O)CCCCCCCCCCS*)cc1,0.285
,0.39676884,0.316,1.005372382,22.70085055,*CCCCCCCCCCC(Cl)C(*)Cl,0.316
,0.37504022,,0.949326163,16.72244264,*CCCCCCCCCCC(c1ccc(O)cc1)C(*)c1ccc(O)cc1C,
,0.37505502,0.3409999999999999,,21.42021733,*CCCCCCCCCCCC(=O)N*,0.3409999999999999
,0.37037228,,0.934436591,17.25139441,*CCCCCCCCCCCC(c1ccc(O)cc1)C(*)c1ccc(O)cc1C,
,0.37800644,0.33,,,*CCCCCCCCCCCCC(=O)N*,0.33
,0.38002887,,0.937930772,19.25364485,*CCCCCCCCCCCCC(c1ccc(O)cc1)C(*)c1ccc(O)cc1C,
,,0.3735,0.886561889,21.91642918,*CCCCCCCCCCCCCCC(*)Cl,0.3735
,0.37887581,0.389,0.89024336,23.00931982,*CCCCCCCCCCCCCCC(=O)N*,0.389
,0.38218205,0.3595,0.893283062,18.2412139,*CCCCCCCCCCCCCCC(=O)O*,0.3595
15.38660594,,0.379,,,*CCCCCCCCCCCCCCCCC(=O)N*,0.379
,,0.39925,0.886368922,18.76168306,*CCCCCCCCCCCCCCCCCCCCC(*)COCCOCCOCCOCCOCCCCCC,0.39925
,,0.38425,0.882777598,18.64436035,*CCCCCCCCCCCCCCCCCCCCC(*)COCCOCCOCCOCCOCCCCCCCCCCCCCC,0.38425
,,0.468,0.869388674,22.5555845,*CCCCCCCCCCCCCCCCCCCCC(*)Cl,0.468
,,0.4325,0.866351429,21.86411406,*CCCCCCCCCCCCCCCCCCCCCC(=O)N*,0.4325
,,0.387,0.905357803,22.64614546,*CCCCCCCCCCCCCCCCCCCCCCOC(=O)CCC(=O)O*,0.387
,,0.376,0.893790404,19.43446517,*CCCCCCCCCCCCCCCCCCCCCCOC(=O)CCCCC(=O)O*,0.376
,,0.3545,0.917519076,22.92381656,*CCCCCCCCCCCCCCCCCCCCOC(=O)C(=O)O*,0.3545
,0.38129764,0.318,0.918493366,19.41376744,*CCCCCCCCCCCCCCCCCCCCOC(=O)CC(=O)O*,0.318
-32.76938912,,0.362,,,*CCCCCCCCCCCCCCCCCCCCOC(=O)CCC(=O)O*,0.362
,,0.362,0.897262686,19.1607057,*CCCCCCCCCCCCCCCCCCCCOC(=O)CCC(C)CC(=O)O*,0.362
,,0.302,0.90650602,20.12266872,*CCCCCCCCCCCCCCCCCCCCOC(=O)CCCC(=O)O*,0.302
,,0.3545,0.899322314,23.96801429,*CCCCCCCCCCCCCCCCCCCCOC(=O)CCCCC(=O)O*,0.3545
,,0.406,0.89731003,22.86240687,*CCCCCCCCCCCCCCCCCCCCOC(=O)CCCCCC(=O)O*,0.406
,,0.3379999999999999,0.892806607,20.14069114,*CCCCCCCCCCCCCCCCCCCCOC(=O)CCCCCCC(=O)O*,0.3379999999999999
,,0.507,0.89522718,20.57750836,*CCCCCCCCCCCCCCCCCCCCOC(=O)CCCCCCCC(=O)O*,0.507
,,0.322,0.926144559,18.71887364,*CCCCCCCCCCCCCCCCCCCCOC(=O)CCCCSCCCCC(=O)O*,0.322
,,0.3249999999999999,0.930690382,21.36408001,*CCCCCCCCCCCCCCCCCCCCOC(=O)COCC(=O)O*,0.3249999999999999
,,0.398,0.88997462,21.82969596,*CCCCCCCCCCCCCCCCCCCCc1nnc(*)o1,0.398
,,0.4337499999999999,0.890200365,20.23441523,*CCCCCCCCCCCCCCCCCCNC(=O)CCCCCCCCCCC(=O)N*,0.4337499999999999
,0.38491292,0.4533333333333333,0.880970816,22.40951609,*CCCCCCCCCCCCCCCCCCNC(=O)CCCCCCCCCCCCCCCCC(=O)N*,0.4533333333333333
,0.37301777,0.3755,0.937104778,21.36882265,*CCCCCCCCCCCCCCCCCCNC(=O)CCc1ccc(CCC(=O)N*)cc1,0.3755
,,0.406,0.865128678,20.46039767,*CCCCCCCCCCCCCCCCCCOCO*,0.406
,0.37864549,0.315,,,*CCCCCCCCCCCCCCCCOC(=O)C/C=C/CC(=O)O*,0.315
,0.37777688,0.304,,,*CCCCCCCCCCCCCCCCOC(=O)CC/C=C/CCC(=O)O*,0.304
,,0.442,0.912106929,22.06826429,*CCCCCCCCCCCCCCCCOC(=O)CCCCCCCCC(=O)O*,0.442
,0.3759777,0.275,,,*CCCCCCCCCCCCCCCCOC(=O)NCCCCCCCCCCNC(=O)O*,0.275
,0.37330351,0.348,,,*CCCCCCCCCCCCCCCCOC(=O)NCCCCCCNC(=O)O*,0.348
,,0.408,0.872184477,20.26505078,*CCCCCCCCCCCCCCCC[N+](C)(C)CCCCCC[N+](*)(C)C,0.408
,,0.3944999999999999,0.916585437,18.81872143,*CCCCCCCCCCCCCCNC(=O)CCCCCCCCC(=O)N*,0.3944999999999999
,,0.346,0.906553684,23.16076788,*CCCCCCCCCCCCCCNC(=O)CCCCCCCCCCC(=O)N*,0.346
,0.38552553,0.4341428571428571,0.886924555,21.34846534,*CCCCCCCCCCCCCCNC(=O)CCCCCCCCCCCCCCCCC(=O)N*,0.4341428571428571
,,0.3915714285714285,0.876856201,21.89554378,*CCCCCCCCCCCCCCNC(=O)CCCCCCCCCCCCCCCCCCCCC(=O)N*,0.3915714285714285
,0.37604443,0.344,,,*CCCCCCCCCCCCCCNC(=O)NCCCCCCCCCCNC(=O)N*,0.344
,0.36160098,0.4,0.953783995,18.42693992,*CCCCCCCCCCCCCCNC(=O)NCCCCCCNC(=O)N*,0.4
,,0.3555,0.934642528,21.38435354,*CCCCCCCCCCCCCCOC(=O)CCCCC(=O)O*,0.3555
,,0.3165,0.919731294,21.54233832,*CCCCCCCCCCCCCCOC(=O)CCCCCCC(=O)O*,0.3165
,,0.34125,0.881232316,22.79770371,*CCCCCCCCCCCCCCS*,0.34125
,0.40147903,,0.950245541,20.47027569,*CCCCCCCCCCCCCCc1ccc(-c2c(-c3ccccc3)cc(-c3ccc(-c4cc(-c5ccccc5)c(-c5ccc(*)cc5)c(-c5ccccc5)c4-c4ccccc4)cc3)c(-c3ccccc3)c2-c2ccccc2)cc1,
,0.37680906,0.3835,0.900220523,22.20373128,*CCCCCCCCCCCCCNC(=O)CCCCCCCCCCCC(=O)N*,0.3835
,,0.3745,0.944709172,22.08425305,*CCCCCCCCCCCCNC(=O)CCCCC(=O)N*,0.3745
,0.37944839,0.3994999999999999,0.903805754,22.53219601,*CCCCCCCCCCCCNC(=O)CCCCCCCCCCCCC(=O)N*,0.3994999999999999
,0.37814224,0.396,,,*CCCCCCCCCCCCNC(=O)CCCCCCCCCCCCCCC(=O)N*,0.396
,,0.3944285714285714,0.881825572,22.00194528,*CCCCCCCCCCCCNC(=O)CCCCCCCCCCCCCCCCCCCCC(=O)N*,0.3944285714285714
,0.35917869,0.3545,0.973061223,17.68935554,*CCCCCCCCCCCCNC(=O)NCCCCCCNC(=O)N*,0.3545
,,0.4307499999999999,0.85333452,24.21423422,*CCCCCCCCCCCCO*,0.4307499999999999
,,0.292,0.946344135,19.57740116,*CCCCCCCCCCCCOC(=O)CCCCC(=O)O*,0.292
,,0.284,0.931066388,19.58490022,*CCCCCCCCCCCCOC(=O)CCCCCCC(=O)O*,0.284
,,0.294,0.910678639,20.53765653,*CCCCCCCCCCCCOC(=O)CCCCCCCCCCCCC(=O)O*,0.294
,,0.306,0.968420729,19.39078981,*CCCCCCCCCCCCOC(=O)CCCCCNC(=O)CCCCC(=O)NCCCCCC(=O)O*,0.306
,,0.3295,0.9550917,21.59948372,*CCCCCCCCCCCNC(=O)CCCCC(=O)N*,0.3295
,,0.3195,0.945505999,21.31594048,*CCCCCCCCCCCNC(=O)CCCCCCCCC(=O)NCCCCCCCCCCCNC(=O)C(=O)N*,0.3195
,0.37340882,0.389,,,*CCCCCCCCCCCNC(=O)CCCCCCCCCCC(=O)N*,0.389
,0.38269266,0.37175,0.887262341,24.48690078,*CCCCCCCCCCCNC(=O)CCCCCCCCCCCCCCCCCCC(=O)N*,0.37175
,,0.3145,0.923953778,21.98769917,*CCCCCCCCCCCSCCCCCCS*,0.3145
-0.868265132,,0.35,0.888311048,16.27222852,*CCCCCCCCCCNC(=O)C(CCCCCCCCCCCC)C(=O)N*,0.35
,,0.3125,0.952363037,18.83632464,*CCCCCCCCCCNC(=O)CC/C=C/CCC(=O)N*,0.3125
,,0.422,0.946533099,22.25983328,*CCCCCCCCCCNC(=O)CCCCCCC(=O)N*,0.422
,0.36935846,0.408,0.92195685,22.1235356,*CCCCCCCCCCNC(=O)CCCCCCCCC(=O)N*,0.408
82.2677155,,0.4125,0.955200662,21.885982,*CCCCCCCCCCNC(=O)CCCCCCCCC(=O)NCCCCCCCCCCNC(=O)C(=O)N*,0.4125
,,0.3685,0.912914925,24.40781229,*CCCCCCCCCCNC(=O)CCCCCCCCCCCC(=O)N*,0.3685
,,0.342,0.911164148,18.99975515,*CCCCCCCCCCNC(=O)CCCCCCCCCCCCC(=O)N*,0.342
,0.37489895,0.368,0.906986266,23.47308455,*CCCCCCCCCCNC(=O)CCCCCCCCCCCCCCC(=O)N*,0.368
,0.37842036,0.381,,,*CCCCCCCCCCNC(=O)CCCCCCCCCCCCCCCCC(=O)N*,0.381
,,0.3873333333333333,0.892460081,24.81577292,*CCCCCCCCCCNC(=O)CCCCCCCCCCCCCCCCCCC(=O)N*,0.3873333333333333
,,0.38825,0.884434958,21.19385371,*CCCCCCCCCCNC(=O)CCCCCCCCCCCCCCCCCCCCC(=O)N*,0.38825
,,0.366,0.969724413,20.6076312,*CCCCCCCCCCNC(=O)NCCCCCCCCNC(=O)N*,0.366
1.783806133,,0.285,,,*CCCCCCCCCCOC(=O)CCC(=O)O*,0.285
,0.36776724,0.3445,0.938959785,22.70955044,*CCCCCCCCCCOC(=O)CCCCCCC(=O)O*,0.3445
,,0.3325,0.932306919,23.93933283,*CCCCCCCCCCOC(=O)CCCCCCCC(=O)O*,0.3325
,0.37098942,0.281,0.930218098,21.56106622,*CCCCCCCCCCOC(=O)CCCCCCCCC(=O)O*,0.281
,0.38276992,0.3415,0.8954389,20.54848101,*CCCCCCCCCCOC(=O)CCCCCCCCCCCCCCCCC(=O)O*,0.3415
,0.35533448,0.2955,0.988248519,19.25074729,*CCCCCCCCCCOC(=O)CCCCCNC(=O)CCCCC(=O)NCCCCCC(=O)O*,0.2955
37.87494117,,0.278,,,*CCCCCCCCCCOC(=O)CCCCS(=O)(=O)CCCCC(=O)O*,0.278
-22.30064955,,0.27,,,*CCCCCCCCCCOC(=O)CCCCSCCCCC(=O)O*,0.27
,,0.329,0.882717038,21.18686489,*CCCCCCCCCCOCCCCCCCCCCOCCCCO*,0.329
,,0.36175,0.880404561,21.78044662,*CCCCCCCCCCOCCCCCCOCCCCCCO*,0.36175
,,0.344,1.061577448,26.55570698,*CCCCCCCCCCOc1ccc(OC(=O)c2ccc(OCCCCCCOc3ccc(C(=O)Oc4ccc(O*)cc4)cc3)cc2)cc1,0.344
,,0.3305,0.931588685,28.27457475,*CCCCCCCCCCSCCCCCCS*,0.3305
,,0.2295,1.014541659,21.63979729,*CCCCCCCCCCSSCCCCCCSS*,0.2295
9.904824538,,0.361,0.944002177,22.95997032,*CCCCCCCCCNC(=O)CCCCCCCC(=O)N*,0.361
,,0.3485,0.93702543,20.75684225,*CCCCCCCCCNC(=O)CCCCCCCCC(=O)N*,0.3485
,,0.312,0.96452094,18.37068887,*CCCCCCCCCNC(=O)CCCCCCCCC(=O)NCCCCCCCCCNC(=O)C(=O)N*,0.312
,,0.312,0.933531017,25.4839371,*CCCCCCCCCNC(=O)CCCCCCCCCC(=O)N*,0.312
3.667443154,,0.294,0.941870155,20.56975581,*CCCCCCCCCOC(=O)CCCCCCCC(=O)O*,0.294
,0.35113971,0.291,,,*CCCCCCCCNC(=O)CCCCC(=O)N*,0.291
,,0.308,0.959342877,19.77502946,*CCCCCCCCNC(=O)CCCCCCCC(=O)N*,0.308
,0.35653288,0.392,,,*CCCCCCCCNC(=O)CCCCCCCCC(=O)N*,0.392
,,0.3315,0.973462542,22.44231118,*CCCCCCCCNC(=O)CCCCCCCCC(=O)NCCCCCCCCNC(=O)C(=O)N*,0.3315
,0.36786948,0.3463333333333334,0.92885236,22.0513884,*CCCCCCCCNC(=O)CCCCCCCCCCC(=O)N*,0.3463333333333334
,0.37055224,0.355,0.905325915,21.08607303,*CCCCCCCCNC(=O)CCCCCCCCCCCCCCC(=O)N*,0.355
,0.37735264,0.3725,0.901851851,21.13049646,*CCCCCCCCNC(=O)CCCCCCCCCCCCCCCCC(=O)N*,0.3725
,0.37913267,0.425,0.889143617,23.85283439,*CCCCCCCCNC(=O)CCCCCCCCCCCCCCCCCCCCC(=O)N*,0.425
,0.34768618,,1.043832714,,*CCCCCCCCOC(=O)NNC(=O)CCCCCCCCC(=O)NNC(=O)O*,
-48.88416733,,0.324,,,*CCCCCCCCc1nnc(*)o1,0.324
,,0.3455,0.900783398,13.84301628,*CCCCCCCNC(=O)C(CCCCCCCCCCCC)C(=O)N*,0.3455
,0.3410138,0.323,,,*CCCCCCCNC(=O)CCCCC(=O)N*,0.323
,0.34960498,0.334,,,*CCCCCCCNC(=O)CCCCCC(=O)N*,0.334
,,0.3235,0.943364885,20.0736371,*CCCCCCCNC(=O)CCCCCCCCC(=O)N*,0.3235
,,0.4065,0.940664668,22.70774878,*CCCCCCCNC(=O)CCCCCCCCCC(=O)N*,0.4065
,0.38015472,0.4137499999999999,0.900754814,21.54347658,*CCCCCCCNC(=O)CCCCCCCCCCCCCCCCCCC(=O)N*,0.4137499999999999
49.34222836,,0.3525,0.898624404,19.92649972,*CCCCCCN(C)C(=O)CCCCCCCCCCCCCCCCC(=O)N(*)C,0.3525
,,0.2925,0.899716416,13.5860206,*CCCCCCNC(=O)C(CCCCCCCCCCCCC)C(=O)N*,0.2925
,,0.3369999999999999,0.897093489,15.49662691,*CCCCCCNC(=O)C(CCCCCCCCCCCCCCC)C(=O)N*,0.3369999999999999
,,0.3235,0.89124948,13.96037752,*CCCCCCNC(=O)C(CCCCCCCCCCCCCCCC)C(=O)N*,0.3235
,,0.3505,0.889924513,16.83151528,*CCCCCCNC(=O)C(CCCCCCCCCCCCCCCCC)C(=O)N*,0.3505
,0.34167967,0.278,,,*CCCCCCNC(=O)CCCCCC(=O)N*,0.278
,0.34822579,0.345,,,*CCCCCCNC(=O)CCCCCCC(=O)N*,0.345
,,0.355,0.933728856,22.40485025,*CCCCCCNC(=O)CCCCCCCCCCCCC(=O)N*,0.355
,0.37018411,0.367,0.913177976,25.33874374,*CCCCCCNC(=O)CCCCCCCCCCCCCCC(=O)N*,0.367
,0.37538316,0.3955,0.910662796,20.51606091,*CCCCCCNC(=O)CCCCCCCCCCCCCCCCC(=O)N*,0.3955
,,0.328,1.021142597,23.54088095,*CCCCCCNC(=O)N*,0.328
,0.35478647,0.329,,,*CCCCCCOC(=O)OCCCCCCOC(=O)OCCCCCCOc1ccc(-c2ccc(O*)cc2)cc1,0.329
-41.68464364,,0.278,,,*CCCCCCOCO*,0.278
,,,1.13916765,20.45790421,*CCCCCCS(*)(=O)=O,
,,,1.153509737,18.44065947,*CCCCCCS(=O)(=O)CCCCCS(*)(=O)=O,
-41.26672381,,0.192,,,*CCCCCCSSCCCCSS*,0.192
,0.3327408,0.327,,,*CCCCCNC(=O)CCCCC(=O)N*,0.327
,,0.3545,0.943380242,21.69094086,*CCCCCNC(=O)CCCCCCCCCCCC(=O)N*,0.3545
,,0.3415,0.933437007,18.89913865,*CCCCCNC(=O)CCCCCCCCCCCCC(=O)N*,0.3415
,,0.4165,0.92091158,20.46088256,*CCCCCNC(=O)CCCCCCCCCCCCCCCCC(=O)N*,0.4165
,0.37324005,0.3495,0.90486422,20.51772176,*CCCCCNC(=O)CCCCCCCCCCCCCCCCCCC(=O)N*,0.3495
,,0.267,0.932721325,20.89267331,*CCCCCNC(=O)CCCCCCCCOCCCCCCCCC(=O)NCCCCCO*,0.267
,,0.285,0.955888415,19.41025454,*CCCCCNC(=O)CCCCCCOCCCCCCC(=O)NCCCCCO*,0.285
-13.55087665,,0.268,1.071824251,20.62252342,*CCCCCNC(=O)O*,0.268
,0.32958527,0.302,1.040711554,18.074599,*CCCCNC(=O)CCCCC(=O)N*,0.302
,,0.2915,1.002012128,18.29004994,*CCCCNC(=O)CCCCCCC(=O)N*,0.2915
,,0.3229999999999999,0.965368624,22.50813311,*CCCCNC(=O)CCCCCCCCCC(=O)N*,0.3229999999999999
,,0.3735,0.924969057,22.41096002,*CCCCNC(=O)CCCCCCCCCCCCCCC(=O)N*,0.3735
,0.38882843,0.49475,0.868453809,25.68405963,*CCCCOC(=O)CCCCCCCCCCCCCCCCCCCCCCCCCCCCCCCCCCC(=O)O*,0.49475
,0.4654699,0.175,,,*CCCCSS*,0.175
,0.41742983,0.199,,,*CCCCSSCCCCO*,0.199
,0.40349527,0.196,,,*CCCCSSCCCCOCO*,0.196
,,0.354,0.92848585,19.40336561,*CCCN*,0.354
,,0.407,,20.46241251,*CCCNC(=O)CCCCCCCCCCCCCCCCCCC(=O)N*,0.407
,,,1.368480015,21.72486866,*CCCNS(*)(=O)=O,
,0.33783784,0.222,1.082251488,20.95656384,*CCCOC(=O)C1CCC(C(=O)O*)CC1,0.222
,,0.364,0.922711633,21.46640792,*CCCOC(=O)CCCCCCCCCCCCCCCCC(=O)O*,0.364
,,,1.344229366,19.8097907,*CCCS(*)(=O)=O,
,,0.3359999999999999,0.870810763,12.67666102,*CCN(*)C(=O)CCCCCCCCCCCCCCC,0.3359999999999999
,0.39935287,0.4005,0.856888696,12.96507874,*CCN(*)C(=O)CCCCCCCCCCCCCCCCC,0.4005
,0.40888608,0.351,0.992409385,16.50971705,*CCN*,0.351
,,0.302,1.004989804,16.962466,*CCNC(=O)CCCCCCCCC(=O)N*,0.302
,,0.359,0.932585043,19.09375808,*CCNC(=O)CCCCCCCCCCCCCCCCC(=O)N*,0.359
,,0.212,1.07074619,19.93042453,*CCOC(=O)CCCCSCCCCC(=O)O*,0.212
,0.37130804,0.224,,,*CCOCCOC(=O)C(CCCCCCCCC)C(=O)O*,0.224
,0.34936993,0.229,,,*CCOCCOC(=O)CCCCCCCCC(=O)O*,0.229
,0.36953742,0.3485,0.948193246,23.57437713,*CCOCCOC(=O)CCCCCCCCCCCCCCCCC(=O)O*,0.3485
,0.44850444,0.223,1.187990132,21.83251301,*CCS*,0.223
56.1987128,,,1.40293716,22.58883992,*CCc1c(Cl)c(Cl)c(*)c(Cl)c1Cl,
,0.37967697,,1.050887217,20.17560548,*CCc1ccc(*)c2ccccc12,
,0.3766254,0.2784999999999999,1.10299243,21.29011365,*CCc1ccc(*)o1,0.2784999999999999
,0.39157828,0.288,1.164977581,25.29233638,*CCc1ccc(*)s1,0.288
,,,1.042562737,30.03662597,*CCc1ccc(-c2ccc(*)cc2)cc1,
,,0.3515,0.963570323,20.56020443,*CCc1ccc(CCNC(=O)CCCCCCCCCCCCCCCC(=O)N*)cc1,0.3515
,0.36974923,0.368,0.942820572,20.09079341,*CCc1ccc(CCNC(=O)CCCCCCCCCCCCCCCCC(=O)N*)cc1,0.368
,,0.3195,0.936212185,22.57031329,*CCc1ccc(CCNC(=O)CCCCCCCCCCCCCCCCCCCCC(=O)N*)cc1,0.3195
,,0.246,1.241962384,21.59688826,*CO*,0.246
,,0.172,1.374050717,21.43297913,*CS*,0.172
,0.36245212,0.3299999999999999,0.962041851,19.70952259,*Cc1ccc(CNC(=O)CCCCCCCCCCCCCCCCC(=O)N*)cc1,0.3299999999999999
,,0.314,0.876967341,16.45604164,*Nc1ccc(*)cc1CCCCCCCCCCCCCCC,0.314
,,0.3671666666666667,0.899934311,14.9826959,*Nc1ccc(*)cc1OCCCCCCCCCCCCCCCC,0.3671666666666667
,,0.066,1.539478709,18.35760963,*OC(*)C(Cl)(Cl)Cl,0.066
,,0.1704999999999999,1.042557473,13.31406094,*OC(*)CCC#N,0.1704999999999999
,,0.237,1.084856799,17.5417392,*OC(=O)CCCCCC(*)=O,0.237
,0.37752253,0.1694999999999999,0.931563064,14.6102827,*OC1CCCCC1*,0.1694999999999999
,0.30488476,0.0905,1.732295687,17.31090487,*ON(C(F)(F)F)C(F)(F)C(*)(F)F,0.0905
,,,1.24578392,23.22098571,*OS(=O)(=O)c1ccc(-c2ccc(S(=O)(=O)Oc3ccc(-c4ccc(*)cc4)cc3)cc2)cc1,
,0.36729276,,1.237872849,16.18613012,*OS(=O)(=O)c1cccc(C(=O)c2cccc(S(=O)(=O)Oc3ccc(C(C)(C)c4ccc(*)cc4)cc3)c2)c1,
,,,1.041525617,16.01472431,*Oc1c(-c2ccccc2)cc(*)cc1-c1ccccc1,
,0.40029131,0.1935,1.002505763,15.57570307,*Oc1c(C)cc(*)cc1-c1ccccc1,0.1935
,,,0.945927386,16.3810139,*Oc1c(C)cc(*)cc1C,
,0.35907903,0.234,1.125159714,19.71902254,*Oc1cc(CCC)cc(OC(=O)c2cccc(C(*)=O)c2)c1,0.234
,0.38238683,0.315,0.963593,27.63852935,*Oc1ccc(-c2ccc(-c3cc(-c4ccccc4)c(-c4ccc(-c5ccc(OC(=O)c6ccc(C(*)=O)cc6-c6ccccc6)cc5)cc4)c(-c4ccccc4)c3-c3ccccc3)cc2)cc1,0.315
,0.37786189,,1.182134646,25.66079856,*Oc1ccc(C(=O)c2ccc(*)cc2)cc1,
,,0.244,1.157411669,16.76101041,*Oc1ccc(C(C)(C)c2ccc(OC(=O)CN(CC(*)=O)c3ccc(/N=N/c4ccc([N+](=O)[O-])cc4)cc3)cc2)cc1,0.244
,0.36082508,,1.104373146,25.54111019,*Oc1ccc(C(C)(C)c2ccc(OC(=O)c3ccc(C(*)=O)cc3)cc2)cc1,
,0.36148157,,1.101878575,18.7163871,*Oc1ccc(C(C)(C)c2ccc(OC(=O)c3cccc(C(*)=O)c3)cc2)cc1,
,0.36383822,0.2685,1.198766828,27.69445684,*Oc1ccc(C(C)(C)c2ccc(Oc3ccc(C(=O)Nc4ccc(-c5ccc(NC(=O)c6ccc(*)cc6)cc5C(F)(F)F)c(C(F)(F)F)c4)cc3)cc2)cc1,0.2685
,0.37154633,,0.982602482,17.75581966,*Oc1ccc(C2(c3ccc(OC(*)=O)cc3)CC(C)CC(C)(C)C2)cc1,
,0.36263983,,1.084486229,20.59461102,*Oc1ccc(C2(c3ccc(OC(*)=O)cc3)CC3CCC2C3)cc1,
,0.349997,0.3745,1.073694962,27.22066116,*Oc1ccc(NC(=O)CCCCCCCCCC(=O)Nc2ccc(*)cc2)cc1,0.3745
,0.35187189,0.257,1.048950682,23.48222813,*Oc1ccc(OC(=O)CCCCCCCCC(*)=O)cc1,0.257
,0.37522129,0.2205,1.125774179,17.8866103,*Oc1ccc(Oc2ccc(C(=O)c3ccccc3-c3ccccc3C(=O)c3ccc(*)cc3)cc2)cc1,0.2205
,0.37216814,,1.200029536,24.89017712,*Oc1ccc(Oc2ccc(Oc3ccc(S(=O)(=O)c4ccc(*)cc4)cc3)cc2)cc1,
,0.36689919,0.268,,,*Oc1ccc(S(=O)(=O)c2ccc(*)cc2)cc1,0.268
,0.39688711,,1.014775026,13.70570836,*Oc1ccc(S(=O)(=O)c2ccc(Oc3c(C)cc(C(C)(C)c4cc(C)c(*)c(C)c4)cc3C)cc2)cc1,
,0.39642368,,1.103576244,21.11102867,*Oc1ccc(S(=O)(=O)c2ccc(Oc3c(C)cc(C(c4cc(C)c(*)c(C)c4)(C(F)(F)F)C(F)(F)F)cc3C)cc2)cc1,
,0.3923948,,1.073138282,20.42938322,*Oc1ccc(S(=O)(=O)c2ccc(Oc3c(C)cc(Cc4cc(C)c(*)c(C)c4)cc3C)cc2)cc1,
,0.36753658,,1.20752232,22.21547246,*Oc1ccc(S(=O)(=O)c2ccc(Oc3ccc(-c4ccc(*)cc4)cc3)cc2)cc1,
,0.3875115,,1.095765995,20.44800803,*Oc1ccc(S(=O)(=O)c2ccc(Oc3ccc(C(C)(C)c4ccc(*)c(C)c4)cc3C)cc2)cc1,
,,0.204,1.135056188,22.20715615,*Oc1ccc(S(=O)(=O)c2ccc(Oc3ccc(C(C)(C)c4ccc(*)cc4)cc3)cc2)cc1,0.204
,0.37844588,,1.144330703,21.53470493,*Oc1ccc(S(=O)(=O)c2ccc(Oc3ccc(C(C)(c4ccccc4)c4ccc(*)cc4)cc3)cc2)cc1,
,0.39274981,,1.096450635,19.41986966,*Oc1ccc(S(=O)(=O)c2ccc(Oc3ccc(C4(c5ccc(*)cc5)c5ccccc5-c5ccccc54)cc3)cc2)cc1,
,0.37003696,,1.184644856,21.96383699,*Oc1ccc(S(=O)(=O)c2ccc(Oc3ccc(Cc4ccc(*)cc4)cc3)cc2)cc1,
,0.39692149,,1.005045691,12.92707658,*Oc1ccc2c(c1)C1(CC2(C)C)CC(C)(C)c2ccc(OC(*)=O)cc21,
,0.38802883,,1.024454484,16.97613627,*Oc1ccc2c(c1)C1(CC2(C)C)CC(C)(C)c2ccc(OC(=O)c3ccc(C(*)=O)cc3)cc21,
,0.38372241,,1.04019662,15.18496739,*Oc1ccc2c(c1)C1(CC2(C)C)CC(C)(C)c2ccc(OC(=O)c3cccc(C(*)=O)c3)cc21,
,0.35425809,0.319,1.057348058,21.51389258,*Oc1cccc(NC(=O)CCCCCCCCCCC(=O)Nc2ccc(*)cc2)c1,0.319
,0.36093522,0.222,1.102151001,21.991583,*Oc1cccc(OC(=O)c2ccc(C(C)(C)c3ccc(C(*)=O)cc3)cc2)c1,0.222
,0.37718963,0.114,1.840998909,24.17920498,*SC(*)(F)F,0.114
,0.42844078,0.145,1.048021071,18.9131789,*Sc1c(C)cc(*)cc1C,0.145
64.586946,,,1.231097312,21.1652389,*Sc1ccc(*)cc1,
,,0.2794999999999999,0.913558675,11.77651013,*c1[nH]c(*)c(CC(=O)OCCCCCCCCCCCC)c1CC(=O)OCCCCCCCCCCCC,0.2794999999999999
,,0.103,1.001212493,12.31035991,*c1c(-c2ccccc2)c(-c2ccccc2)c(*)c2cc(C(c3ccc(C#Cc4ccccc4)c(C#Cc4ccccc4)c3)(C(F)(F)F)C(F)(F)F)ccc12,0.103
,,,0.900037683,11.54976157,*c1c(-c2ccccc2)c(-c2ccccc2)c(*)c2cc(C3(c4ccc(C#Cc5ccccc5)c(C#Cc5ccccc5)c4)c4ccccc4-c4ccccc43)ccc12,
,,0.141,1.17680677,13.61558599,*c1cc(*)c(O)c(/C=N/c2ccc(Cl)cc2)c1,0.141
,,0.266,1.120600809,15.17923007,*c1cc(*)c(O)c(/C=N/c2ccc(N3CCOCC3)cc2)c1,0.266
,0.42191423,0.316,,,*c1cc(-c2sc(-c3cc(CCCCCCCCCCCCCC)c(*)s3)cc2CCCCCCCCCCCCCC)c2cccccc1-2,0.316
,,0.215,0.9332806,24.66422713,*c1cc(/C=N/c2ccc(C)cc2)c(*)c(OC)c1,0.215
,,0.192,0.99179579,13.46142519,*c1cc(/C=N/c2cccc(C)c2)cc(*)c1O,0.192
,,0.356,0.832338804,11.74161872,*c1cc(CCCCCCCCCCCC)c(*)cc1CCCCCCCCCCCC,0.356
,,0.40475,0.919023879,16.27456982,*c1cc(CCCCCCCCCCCCC)c(*)s1,0.40475
,,0.4182499999999999,0.91341608,16.14848283,*c1cc(CCCCCCCCCCCCCC)c(*)s1,0.4182499999999999
,,0.3742499999999999,0.902739983,16.04613034,*c1cc(CCCCCCCCCCCCCCC)c(*)s1,0.3742499999999999
,,0.4075,0.866052711,14.71408344,*c1cc(CCCCCCCCCCCCCCCC)c(*)[nH]1,0.4075
,,0.36525,0.892099579,14.38765864,*c1cc(CCCCCCCCCCCCCCCCCC)c(*)s1,0.36525
,,0.39725,0.883511374,15.35786351,*c1cc(CCCCCCCCCCCCCCCCCCCCCC)c(*)s1,0.39725
158.9171015,,0.183,0.986360805,13.85120498,*c1cc(O)c(O)cc1*,0.183
5.423112055,,0.256,,,*c1cc(OCCCCCCCCCC)c(*)cc1OCCCCCCCCCC,0.256
,,0.309,0.933849439,17.49332984,*c1cc(OCCCCCCCCCCCC)c(*)cc1O,0.309
,,0.163,0.814226421,15.84965404,*c1cc2cccccc-2c1*,0.163
,0.39702352,0.29,0.887994076,19.66529502,*c1ccc(-c2cc(-c3ccc(OCCCCCC)cc3)cc(-c3ccc(-c4ccc5c(c4)C(CCCCCC)(CCCCCC)c4cc(*)ccc4-5)cc3)c2-c2ccc(OCCCCCC)cc2)cc1,0.29
,,0.236,0.989585625,22.38019563,*c1ccc(-c2ccc(-c3ccc(C(*)(CC)C(F)(F)F)cc3)cc2)cc1,0.236
,,0.194,1.086916359,21.06056085,*c1ccc(-c2ccc(C(*)(C)C(F)(F)F)cc2)cc1,0.194
210.9469969,,0.247,0.952850626,21.2582938,*c1ccc(-c2ccc(C(*)(C)C)cc2)cc1,0.247
,,0.185,1.113444185,20.76961788,*c1ccc(-c2ccc(C(*)(c3ccc(F)cc3)C(F)(F)F)cc2)cc1,0.185
,,0.233,1.06572076,19.28801766,*c1ccc(-c2ccc(C(*)(c3ccccc3)C(F)(F)F)cc2)cc1,0.233
,0.39773705,0.252,0.96749891,16.14335044,*c1ccc(-c2ccc(C3(*)CCCCC3)cc2)cc1,0.252
,0.41767157,0.376,0.786503256,27.96449264,*c1ccc(-c2ccc3c(c2)C(CCCCCC)(CCCCCC)c2cc(*)ccc2-3)cc1,0.376
,0.41425239,0.236,1.064142833,29.39678289,*c1ccc(-c2ccc3c(c2)C(CCCCCCBr)(CCCCCCBr)c2cc(*)ccc2-3)cc1,0.236
,0.40239665,0.487,0.901122805,28.6824407,*c1ccc(-c2ccc3c(c2)C(CCCCCCC#N)(CCCCCCC#N)c2cc(*)ccc2-3)cc1,0.487
,,0.27,0.956272559,25.28802464,*c1ccc(-c2nc3ccc(Oc4ccc5nc(*)c(-c6ccccc6)c(-c6ccccc6)c5c4)cc3c(-c3ccccc3)c2-c2ccccc2)cc1,0.27
,,0.389,1.089021523,24.31804369,*c1ccc(-c2nnc(-c3cccc(-c4nnc(*)n4-c4ccccc4)c3)n2-c2ccccc2)cc1,0.389
,0.41997349,0.413,0.941065148,19.30135388,*c1ccc(-c2sc(-c3cc(CCCCCCCCCCCC)c(*)s3)cc2CCCCCCCCCCCC)cc1,0.413
,0.43658652,0.349,,,*c1ccc(-c2sc(-c3cc(SCCCCCCCCCCCC)c(*)s3)cc2SCCCCCCCCCCCC)cc1,0.349
,,,1.146465554,25.11101976,*c1ccc(C(C)(C)c2ccc(-n3c(=O)c4cc5c(=O)n(*)c(=O)c5cc4c3=O)cc2)cc1,
164.3224631,,,1.011107838,16.56532099,*c1ccc(C2C(C(=O)OCC)C(*)C2C(=O)OCC)cc1,
,,,1.232934348,29.70086573,*c1ccc(Cc2ccc(-n3c(=O)c4cc5c(=O)n(*)c(=O)c5cc4c3=O)cc2)cc1,
,0.37822963,0.233,1.15692241,22.05257254,*c1ccc(N2C(=O)c3ccc(-c4cccc5c4C(=O)N(*)C5=O)cc3C2=O)cc1,0.233
,0.41170662,0.224,1.081627625,22.18257973,*c1ccc(N2C(=O)c3ccc(C(=O)c4ccc5c(c4)C(=O)N(c4ccc(-c6nc7cc(-c8ccc9nc(-c%10ccccc%10)c(*)nc9c8)ccc7nc6-c6ccccc6)cc4)C5=O)cc3C2=O)cc1,0.224
,0.35066768,0.269,1.201196246,19.2258376,*c1ccc(NC(=O)Nc2ccc(NC(=O)Nc3ccc(-c4nc(-c5ccc([N+](=O)[O-])cc5)[nH]c4*)cc3)cc2)cc1,0.269
,0.3670318,,1.154810331,19.52705482,*c1ccc(NC(=O)Nc2ccc(NC(=O)Nc3ccc(-c4nc(C#N)c(C#N)nc4*)cc3)cc2)cc1,
,0.3559394,0.165,1.216100189,17.29130819,*c1ccc(Oc2cccc(Oc3ccc(N4C(=O)c5cccc(Oc6cccc(Oc7cccc8c7C(=O)N(*)C8=O)c6)c5C4=O)cc3)c2)cc1,0.165
,,0.154,1.205461036,17.1881696,*c1ccc2c(c1)C(=O)N(c1cc(OCCN(CC)c3ccc(/N=N/c4ccc([N+](=O)[O-])cc4)cc3)cc(N3C(=O)c4ccc(C(*)(C(F)(F)F)C(F)(F)F)cc4C3=O)c1)C2=O,0.154
,0.42097491,0.46,0.85144236,20.23991085,*c1ccc2c(c1)C(CCCCCC)(CCCCCC)c1cc(-c3cc(CCCCCC)c(*)cc3CCCCCC)ccc1-2,0.46
,0.41835338,0.349,0.85154393,17.51524142,*c1ccc2c(c1)C(CCCCCC)(CCCCCC)c1cc(-c3cc(CCCCCCCC)c(*)cc3CCCCCCCC)ccc1-2,0.349
,,0.216,0.807377101,18.38442171,*c1ccc2c(c1)C(CCCCCC)(CCCCCC)c1cc(-c3cc(CCCCCCCCCC)c(*)cc3CCCCCCCCCC)ccc1-2,0.216
,0.40970568,0.291,0.863900052,18.18381296,*c1ccc2c(c1)C(CCCCCC)(CCCCCC)c1cc(-c3cc(OCCCCCCCC)c(*)cc3OCCCCCCCC)ccc1-2,0.291
,0.39814654,0.184,0.926806566,21.32352082,*c1ccc2c(c1)C(CCCCCC)(CCCCCC)c1cc(-c3cc(OCc4ccccc4)c(*)cc3OCc3ccccc3)ccc1-2,0.184
418.69,,0.506,1.086875784,27.5268485,*c1ccc2c(c1)SC1=Nc3cc(-c4ccc5c(c4)N=C4Sc6cc(*)ccc6N=C4N5)ccc3NC1=N2,0.506
,,0.429,0.757428031,34.48730282,*c1ccc2ccc3c(*)cc(C#CC=C)c4ccc1c2c34,0.429
,0.36874604,,0.992499014,20.5902314,*c1cccc(*)c1,
,0.38956456,,1.109968877,20.26112885,*c1cccc(N2C(=O)c3ccc(Oc4ccc5c(c4)C4(CC(C)(C)c6ccc(Oc7ccc8c(c7)C(=O)N(*)C8=O)cc64)CC5(C)C)cc3C2=O)c1,
,0.41510699,0.185,1.133996819,15.96371163,*c1nc(-c2ccccc2)nc(N(c2ccccc2)c2ncnc(N(*)c3ccccc3)n2)n1,0.185
,0.3854823,0.21,1.056565871,14.20899208,*c1nc(C)nc(N(CCCCCCN(*)c2ccccc2)c2ccccc2)n1,0.21
,,0.3647499999999999,0.992488687,22.57173018,*c1nc2cc3sc(-c4cc(OCCCCCCCCCCCC)c(*)cc4OCCCCCCCCCCCC)nc3cc2s1,0.3647499999999999
,,0.37875,0.949355697,16.11371346,*c1sc(*)c(OCCCCCCCCCCCC)c1C,0.37875
,,0.43675,0.944296325,14.84412514,*c1sc(*)c(OCCCCCCCCCCCCCC)c1C,0.43675
,,0.3747499999999999,0.90435478,14.34826035,*c1sc(*)c(OCCCCCCCCCCCCCCCCCCCC)c1C,0.3747499999999999
,,0.44475,0.968871976,15.08786185,*c1sc(*)c2c1OCC(CCCCCCCCCCCCCCCC)O2,0.44475
